{"name":"0cfe318c-ed66-46cc-b2cd-3fe304581e8d","id":"/providers/Microsoft.Flow/flows/0cfe318c-ed66-46cc-b2cd-3fe304581e8d","type":"Microsoft.Flow/flows","properties":{"apiId":"/providers/Microsoft.PowerApps/apis/shared_logicflows","displayName":"ExcelTemplate","definition":{"metadata":{"workflowEntityId":null,"processAdvisorMetadata":null,"flowclientsuspensionreason":"None","flowclientsuspensiontime":null,"creator":{"id":"da0e9c97-68b9-4bfd-92df-fcd204db19a2","type":"User","tenantId":"6ac40006-b6fe-4b12-951f-4825b5bb21d4"},"provisioningMethod":"FromDefinition","failureAlertSubscription":true,"clientLastModifiedTime":"2022-05-25T12:48:14.4142067Z"},"$schema":"https://schema.management.azure.com/providers/Microsoft.Logic/schemas/2016-06-01/workflowdefinition.json#","contentVersion":"1.0.0.0","parameters":{"$connections":{"defaultValue":{},"type":"Object"},"$authentication":{"defaultValue":{},"type":"SecureObject"}},"triggers":{"manual":{"metadata":{"operationMetadataId":"f0ce6bdf-d674-4063-86fd-5397e0fcf5c1"},"type":"Request","kind":"Button","inputs":{"schema":{"type":"object","properties":{},"required":[]}}}},"actions":{"TemplateFilesの行を一覧にする":{"runAfter":{},"metadata":{"operationMetadataId":"9db318f4-0cb4-47fe-b9e1-664226fb51b2"},"type":"OpenApiConnection","inputs":{"host":{"apiId":"/providers/Microsoft.PowerApps/apis/shared_commondataserviceforapps","connectionName":"shared_commondataserviceforapps","operationId":"ListRecords"},"parameters":{"entityName":"ya_templatefiles","$filter":"ya_name eq 'ExcelTemplate'","$top":1},"authentication":"@parameters('$authentication')"}},"テンプレートファイルをダウンロードする":{"runAfter":{"TemplateFilesの行を一覧にする":["Succeeded"]},"metadata":{"operationMetadataId":"ecfae4ad-48e8-4c73-a73c-5ef3fa89cbcb"},"type":"OpenApiConnection","inputs":{"host":{"apiId":"/providers/Microsoft.PowerApps/apis/shared_commondataserviceforapps","connectionName":"shared_commondataserviceforapps","operationId":"GetEntityFileImageFieldContent"},"parameters":{"entityName":"ya_templatefiles","recordId":"@first(outputs('TemplateFilesの行を一覧にする')?['body/value'])?['ya_templatefileid']","fileImageFieldName":"ya_file"},"authentication":"@parameters('$authentication')"}},"ファイルの作成":{"runAfter":{"テンプレートファイルをダウンロードする":["Succeeded"]},"metadata":{"operationMetadataId":"1e490a3c-a1c9-4d54-b1c1-91ea501a39e5"},"type":"OpenApiConnection","inputs":{"host":{"apiId":"/providers/Microsoft.PowerApps/apis/shared_onedriveforbusiness","connectionName":"shared_onedriveforbusiness","operationId":"CreateFile"},"parameters":{"folderPath":"/","name":"Temp.xlsx","body":"@body('テンプレートファイルをダウンロードする')"},"authentication":{"value":"@json(decodeBase64(triggerOutputs().headers['X-MS-APIM-Tokens']))['$ConnectionKey']","type":"Raw"}},"runtimeConfiguration":{"contentTransfer":{"transferMode":"Chunked"}}},"メールの送信_(V2)":{"runAfter":{"マイ_プロフィールの取得_(V2)":["Succeeded"]},"metadata":{"operationMetadataId":"ba09f3ee-968d-44ed-820b-b633280eed00"},"type":"OpenApiConnection","inputs":{"host":{"apiId":"/providers/Microsoft.PowerApps/apis/shared_office365","connectionName":"shared_office365","operationId":"SendEmailV2"},"parameters":{"emailMessage/To":"@outputs('マイ_プロフィールの取得_(V2)')?['body/mail']","emailMessage/Subject":"ExcelTemplate","emailMessage/Body":"<p>ExcelTemplate</p>","emailMessage/Attachments":[{"Name":"@outputs('ファイルの作成')?['body/Name']","ContentBytes":"@body('パスによるファイル_コンテンツの取得')"}]},"authentication":{"value":"@json(decodeBase64(triggerOutputs().headers['X-MS-APIM-Tokens']))['$ConnectionKey']","type":"Raw"}}},"マイ_プロフィールの取得_(V2)":{"runAfter":{"パスによるファイル_コンテンツの取得":["Succeeded"]},"metadata":{"operationMetadataId":"afacb9d0-73cf-4f0e-aec5-5455a4b6fcd0"},"type":"OpenApiConnection","inputs":{"host":{"apiId":"/providers/Microsoft.PowerApps/apis/shared_office365users","connectionName":"shared_office365users","operationId":"MyProfile_V2"},"parameters":{},"authentication":{"value":"@json(decodeBase64(triggerOutputs().headers['X-MS-APIM-Tokens']))['$ConnectionKey']","type":"Raw"}}},"表に行を追加":{"runAfter":{"ファイルの作成":["Succeeded"]},"metadata":{"operationMetadataId":"72ef5e98-6bc3-4ff8-9523-7ade146f0f16"},"type":"OpenApiConnection","inputs":{"host":{"apiId":"/providers/Microsoft.PowerApps/apis/shared_excelonlinebusiness","connectionName":"shared_excelonlinebusiness","operationId":"AddRowV2"},"parameters":{"source":"me","drive":"b!vLYjHDZzlEiDLqi7kgwoACAmsWP-Ah1GvOqItSX0VuEhj1ang-lGTIECMr5CeKm8","file":"/Temp.xlsx","table":"{43E0F5E6-15BE-4198-827C-88F79B733D3E}","item/Name":"Awesome","item/UnitPrice":"1000","item/Amount":"5","item/Price":"5000"},"authentication":{"value":"@json(decodeBase64(triggerOutputs().headers['X-MS-APIM-Tokens']))['$ConnectionKey']","type":"Raw"}}},"待ち時間":{"runAfter":{"表に行を追加":["Succeeded"]},"metadata":{"operationMetadataId":"e9c55ae2-988d-4f37-9571-bdd4f972ce4b"},"type":"Wait","inputs":{"interval":{"count":30,"unit":"Second"}}},"パスによるファイル_コンテンツの取得":{"runAfter":{"待ち時間":["Succeeded"]},"metadata":{"operationMetadataId":"e5589529-63a1-4f4b-8eee-ec036e2f301a"},"type":"OpenApiConnection","inputs":{"host":{"apiId":"/providers/Microsoft.PowerApps/apis/shared_onedriveforbusiness","connectionName":"shared_onedriveforbusiness_1","operationId":"GetFileContentByPath"},"parameters":{"path":"/Temp.xlsx","inferContentType":true},"authentication":{"value":"@json(decodeBase64(triggerOutputs().headers['X-MS-APIM-Tokens']))['$ConnectionKey']","type":"Raw"}}}},"outputs":{}},"connectionReferences":{"shared_commondataserviceforapps":{"connectionName":"shared-commondataser-56b4be58-8743-4fc3-aa16-0f8e-a3324a1c","source":"Embedded","id":"/providers/Microsoft.PowerApps/apis/shared_commondataserviceforapps","tier":"NotSpecified"},"shared_onedriveforbusiness":{"connectionName":"shared-onedriveforbu-db910e38-4109-4934-ae69-c40b60e92aad","source":"Invoker","id":"/providers/Microsoft.PowerApps/apis/shared_onedriveforbusiness","tier":"NotSpecified"},"shared_office365":{"connectionName":"shared-office365-61b904b9-316d-4648-a275-d060-9482eb62","source":"Invoker","id":"/providers/Microsoft.PowerApps/apis/shared_office365","tier":"NotSpecified"},"shared_office365users":{"connectionName":"52b0ee8b58c24f8eb8208c19f829a66b","source":"Invoker","id":"/providers/Microsoft.PowerApps/apis/shared_office365users","tier":"NotSpecified"},"shared_excelonlinebusiness":{"connectionName":"shared-excelonlinebu-e53a1b29-bb71-4cd8-83da-d7f69636f812","source":"Invoker","id":"/providers/Microsoft.PowerApps/apis/shared_excelonlinebusiness","tier":"NotSpecified"},"shared_onedriveforbusiness_1":{"connectionName":"shared-onedriveforbu-2d2c8541-d9ed-4569-9e08-b117-9e35d321","source":"Invoker","id":"/providers/Microsoft.PowerApps/apis/shared_onedriveforbusiness","tier":"NotSpecified"}},"flowFailureAlertSubscribed":false,"isManaged":false}}