{
  "properties": {
    "connectionReferences": {
      "shared_commondataserviceforapps": {
        "runtimeSource": "embedded",
        "connection": {
          "connectionReferenceLogicalName": "new_sharedcommondataserviceforapps_d04e4"
        },
        "api": {
          "name": "shared_commondataserviceforapps"
        }
      },
      "shared_onedriveforbusiness": {
        "runtimeSource": "embedded",
        "connection": {
          "connectionReferenceLogicalName": "new_sharedonedriveforbusiness_85a3d"
        },
        "api": {
          "name": "shared_onedriveforbusiness"
        }
      },
      "shared_office365": {
        "runtimeSource": "embedded",
        "connection": {
          "connectionReferenceLogicalName": "new_sharedoffice365_eca6d"
        },
        "api": {
          "name": "shared_office365"
        }
      },
      "shared_office365users": {
        "runtimeSource": "embedded",
        "connection": {
          "connectionReferenceLogicalName": "ya_sharedoffice365users_30dcf"
        },
        "api": {
          "name": "shared_office365users"
        }
      },
      "shared_excelonlinebusiness": {
        "runtimeSource": "embedded",
        "connection": {
          "connectionReferenceLogicalName": "ya_sharedexcelonlinebusiness_5ab52"
        },
        "api": {
          "name": "shared_excelonlinebusiness"
        }
      },
      "shared_onedriveforbusiness_1": {
        "runtimeSource": "embedded",
        "connection": {
          "connectionReferenceLogicalName": "new_sharedonedriveforbusiness_85a3d"
        },
        "api": {
          "name": "shared_onedriveforbusiness"
        }
      }
    },
    "definition": {
      "$schema": "https://schema.management.azure.com/providers/Microsoft.Logic/schemas/2016-06-01/workflowdefinition.json#",
      "contentVersion": "1.0.0.0",
      "parameters": {
        "$connections": {
          "defaultValue": {},
          "type": "Object"
        },
        "$authentication": {
          "defaultValue": {},
          "type": "SecureObject"
        }
      },
      "triggers": {
        "manual": {
          "metadata": {
            "operationMetadataId": "8a46eece-880e-490f-beb7-0947ac707388"
          },
          "type": "Request",
          "kind": "Button",
          "inputs": {
            "schema": {
              "type": "object",
              "properties": {},
              "required": []
            }
          }
        }
      },
      "actions": {
        "TemplateFilesの行を一覧にする": {
          "runAfter": {},
          "metadata": {
            "operationMetadataId": "9db318f4-0cb4-47fe-b9e1-664226fb51b2"
          },
          "type": "OpenApiConnection",
          "inputs": {
            "host": {
              "connectionName": "shared_commondataserviceforapps",
              "operationId": "ListRecords",
              "apiId": "/providers/Microsoft.PowerApps/apis/shared_commondataserviceforapps"
            },
            "parameters": {
              "entityName": "ya_templatefiles",
              "$filter": "ya_name eq 'ExcelTemplate'",
              "$top": 1
            },
            "authentication": {
              "type": "Raw",
              "value": "@json(decodeBase64(triggerOutputs().headers['X-MS-APIM-Tokens']))['$ConnectionKey']"
            }
          }
        },
        "テンプレートファイルをダウンロードする": {
          "runAfter": {
            "TemplateFilesの行を一覧にする": [
              "Succeeded"
            ]
          },
          "metadata": {
            "operationMetadataId": "ecfae4ad-48e8-4c73-a73c-5ef3fa89cbcb"
          },
          "type": "OpenApiConnection",
          "inputs": {
            "host": {
              "connectionName": "shared_commondataserviceforapps",
              "operationId": "GetEntityFileImageFieldContent",
              "apiId": "/providers/Microsoft.PowerApps/apis/shared_commondataserviceforapps"
            },
            "parameters": {
              "entityName": "ya_templatefiles",
              "recordId": "@first(outputs('TemplateFilesの行を一覧にする')?['body/value'])?['ya_templatefileid']",
              "fileImageFieldName": "ya_file"
            },
            "authentication": {
              "type": "Raw",
              "value": "@json(decodeBase64(triggerOutputs().headers['X-MS-APIM-Tokens']))['$ConnectionKey']"
            }
          }
        },
        "ファイルの作成": {
          "runAfter": {
            "テンプレートファイルをダウンロードする": [
              "Succeeded"
            ]
          },
          "metadata": {
            "operationMetadataId": "1e490a3c-a1c9-4d54-b1c1-91ea501a39e5"
          },
          "type": "OpenApiConnection",
          "inputs": {
            "host": {
              "connectionName": "shared_onedriveforbusiness",
              "operationId": "CreateFile",
              "apiId": "/providers/Microsoft.PowerApps/apis/shared_onedriveforbusiness"
            },
            "parameters": {
              "folderPath": "/",
              "name": "Temp.xlsx",
              "body": "@body('テンプレートファイルをダウンロードする')"
            },
            "authentication": {
              "type": "Raw",
              "value": "@json(decodeBase64(triggerOutputs().headers['X-MS-APIM-Tokens']))['$ConnectionKey']"
            }
          },
          "runtimeConfiguration": {
            "contentTransfer": {
              "transferMode": "Chunked"
            }
          }
        },
        "メールの送信_(V2)": {
          "runAfter": {
            "マイ_プロフィールの取得_(V2)": [
              "Succeeded"
            ]
          },
          "metadata": {
            "operationMetadataId": "ba09f3ee-968d-44ed-820b-b633280eed00"
          },
          "type": "OpenApiConnection",
          "inputs": {
            "host": {
              "connectionName": "shared_office365",
              "operationId": "SendEmailV2",
              "apiId": "/providers/Microsoft.PowerApps/apis/shared_office365"
            },
            "parameters": {
              "emailMessage/To": "@outputs('マイ_プロフィールの取得_(V2)')?['body/mail']",
              "emailMessage/Subject": "ExcelTemplate",
              "emailMessage/Body": "<p>ExcelTemplate</p>",
              "emailMessage/Attachments": [
                {
                  "Name": "@outputs('ファイルの作成')?['body/Name']",
                  "ContentBytes": "@body('パスによるファイル_コンテンツの取得')"
                }
              ]
            },
            "authentication": {
              "type": "Raw",
              "value": "@json(decodeBase64(triggerOutputs().headers['X-MS-APIM-Tokens']))['$ConnectionKey']"
            }
          }
        },
        "マイ_プロフィールの取得_(V2)": {
          "runAfter": {
            "パスによるファイル_コンテンツの取得": [
              "Succeeded"
            ]
          },
          "metadata": {
            "operationMetadataId": "afacb9d0-73cf-4f0e-aec5-5455a4b6fcd0"
          },
          "type": "OpenApiConnection",
          "inputs": {
            "host": {
              "connectionName": "shared_office365users",
              "operationId": "MyProfile_V2",
              "apiId": "/providers/Microsoft.PowerApps/apis/shared_office365users"
            },
            "parameters": {},
            "authentication": {
              "type": "Raw",
              "value": "@json(decodeBase64(triggerOutputs().headers['X-MS-APIM-Tokens']))['$ConnectionKey']"
            }
          }
        },
        "表に行を追加": {
          "runAfter": {
            "ファイルの作成": [
              "Succeeded"
            ]
          },
          "metadata": {
            "operationMetadataId": "72ef5e98-6bc3-4ff8-9523-7ade146f0f16",
            "tableId": "{43E0F5E6-15BE-4198-827C-88F79B733D3E}"
          },
          "type": "OpenApiConnection",
          "inputs": {
            "host": {
              "connectionName": "shared_excelonlinebusiness",
              "operationId": "AddRowV2",
              "apiId": "/providers/Microsoft.PowerApps/apis/shared_excelonlinebusiness"
            },
            "parameters": {
              "source": "me",
              "drive": "b!vLYjHDZzlEiDLqi7kgwoACAmsWP-Ah1GvOqItSX0VuEhj1ang-lGTIECMr5CeKm8",
              "file": "/Temp.xlsx",
              "table": "{43E0F5E6-15BE-4198-827C-88F79B733D3E}",
              "item/Name": "Awesome",
              "item/UnitPrice": "1000",
              "item/Amount": "5",
              "item/Price": "5000"
            },
            "authentication": {
              "type": "Raw",
              "value": "@json(decodeBase64(triggerOutputs().headers['X-MS-APIM-Tokens']))['$ConnectionKey']"
            }
          }
        },
        "待ち時間": {
          "runAfter": {
            "表に行を追加": [
              "Succeeded"
            ]
          },
          "metadata": {
            "operationMetadataId": "e9c55ae2-988d-4f37-9571-bdd4f972ce4b"
          },
          "type": "Wait",
          "inputs": {
            "interval": {
              "count": 30,
              "unit": "Second"
            }
          }
        },
        "パスによるファイル_コンテンツの取得": {
          "runAfter": {
            "待ち時間": [
              "Succeeded"
            ]
          },
          "metadata": {
            "operationMetadataId": "e5589529-63a1-4f4b-8eee-ec036e2f301a"
          },
          "type": "OpenApiConnection",
          "inputs": {
            "host": {
              "connectionName": "shared_onedriveforbusiness_1",
              "operationId": "GetFileContentByPath",
              "apiId": "/providers/Microsoft.PowerApps/apis/shared_onedriveforbusiness"
            },
            "parameters": {
              "path": "/Temp.xlsx",
              "inferContentType": true
            },
            "authentication": {
              "type": "Raw",
              "value": "@json(decodeBase64(triggerOutputs().headers['X-MS-APIM-Tokens']))['$ConnectionKey']"
            }
          }
        }
      },
      "outputs": {}
    }
  },
  "schemaVersion": "1.0.0.0"
}