{
  "properties": {
    "connectionReferences": {
      "shared_office365": {
        "runtimeSource": "embedded",
        "connection": {
          "connectionReferenceLogicalName": "new_sharedoffice365_eca6d"
        },
        "api": {
          "name": "shared_office365"
        }
      },
      "shared_office365users": {
        "runtimeSource": "embedded",
        "connection": {
          "connectionReferenceLogicalName": "ya_sharedoffice365users_30dcf"
        },
        "api": {
          "name": "shared_office365users"
        }
      },
      "shared_excelonlinebusiness": {
        "runtimeSource": "embedded",
        "connection": {
          "connectionReferenceLogicalName": "ya_sharedexcelonlinebusiness_5ab52"
        },
        "api": {
          "name": "shared_excelonlinebusiness"
        }
      },
      "shared_onedriveforbusiness": {
        "runtimeSource": "embedded",
        "connection": {
          "connectionReferenceLogicalName": "new_sharedonedriveforbusiness_85a3d"
        },
        "api": {
          "name": "shared_onedriveforbusiness"
        }
      },
      "shared_onedriveforbusiness_1": {
        "runtimeSource": "embedded",
        "connection": {
          "connectionReferenceLogicalName": "new_sharedonedriveforbusiness_85a3d"
        },
        "api": {
          "name": "shared_onedriveforbusiness"
        }
      }
    },
    "definition": {
      "$schema": "https://schema.management.azure.com/providers/Microsoft.Logic/schemas/2016-06-01/workflowdefinition.json#",
      "contentVersion": "1.0.0.0",
      "parameters": {
        "$connections": {
          "defaultValue": {},
          "type": "Object"
        },
        "$authentication": {
          "defaultValue": {},
          "type": "SecureObject"
        }
      },
      "triggers": {
        "manual": {
          "metadata": {
            "operationMetadataId": "8a46eece-880e-490f-beb7-0947ac707388"
          },
          "type": "Request",
          "kind": "Button",
          "inputs": {
            "schema": {
              "type": "object",
              "properties": {},
              "required": []
            }
          }
        }
      },
      "actions": {
        "メールの送信_(V2)": {
          "runAfter": {
            "マイ_プロフィールの取得_(V2)": [
              "Succeeded"
            ]
          },
          "metadata": {
            "operationMetadataId": "ba09f3ee-968d-44ed-820b-b633280eed00"
          },
          "type": "OpenApiConnection",
          "inputs": {
            "host": {
              "connectionName": "shared_office365",
              "operationId": "SendEmailV2",
              "apiId": "/providers/Microsoft.PowerApps/apis/shared_office365"
            },
            "parameters": {
              "emailMessage/To": "@outputs('マイ_プロフィールの取得_(V2)')?['body/mail']",
              "emailMessage/Subject": "ExcelTemplate",
              "emailMessage/Body": "<p>ExcelTemplate</p>",
              "emailMessage/Attachments": [
                {
                  "Name": "Print.pdf",
                  "ContentBytes": "@body('パスを使用したファイルの変換')"
                }
              ]
            },
            "authentication": {
              "type": "Raw",
              "value": "@json(decodeBase64(triggerOutputs().headers['X-MS-APIM-Tokens']))['$ConnectionKey']"
            }
          }
        },
        "マイ_プロフィールの取得_(V2)": {
          "runAfter": {
            "パスを使用したファイルの変換": [
              "Succeeded"
            ]
          },
          "metadata": {
            "operationMetadataId": "afacb9d0-73cf-4f0e-aec5-5455a4b6fcd0"
          },
          "type": "OpenApiConnection",
          "inputs": {
            "host": {
              "connectionName": "shared_office365users",
              "operationId": "MyProfile_V2",
              "apiId": "/providers/Microsoft.PowerApps/apis/shared_office365users"
            },
            "parameters": {},
            "authentication": {
              "type": "Raw",
              "value": "@json(decodeBase64(triggerOutputs().headers['X-MS-APIM-Tokens']))['$ConnectionKey']"
            }
          }
        },
        "表に行を追加": {
          "runAfter": {},
          "metadata": {
            "operationMetadataId": "72ef5e98-6bc3-4ff8-9523-7ade146f0f16",
            "tableId": "{43E0F5E6-15BE-4198-827C-88F79B733D3E}",
            "01TXO5JQWFP6HX4V3IUZHJVQLA5QNIUGEA": "/Temp.xlsx",
            "01TXO5JQT3AJ6MGUR2YFCKUC7ACIJCNQJ2": "/Temp.xlsx",
            "01TXO5JQSS4YVAYRQOUZDZOEIVGPY4Y6IE": "/Temp.xlsx",
            "01TXO5JQRZ55YAL6UZMZFI6FJH5XEO3J5U": "/Temp.xlsx"
          },
          "type": "OpenApiConnection",
          "inputs": {
            "host": {
              "connectionName": "shared_excelonlinebusiness",
              "operationId": "AddRowV2",
              "apiId": "/providers/Microsoft.PowerApps/apis/shared_excelonlinebusiness"
            },
            "parameters": {
              "source": "me",
              "drive": "b!vLYjHDZzlEiDLqi7kgwoACAmsWP-Ah1GvOqItSX0VuEhj1ang-lGTIECMr5CeKm8",
              "file": "01TXO5JQRZ55YAL6UZMZFI6FJH5XEO3J5U",
              "table": "{43E0F5E6-15BE-4198-827C-88F79B733D3E}",
              "item/Name": "Awesome",
              "item/UnitPrice": "1000",
              "item/Amount": "5",
              "item/Price": "5000"
            },
            "authentication": {
              "type": "Raw",
              "value": "@json(decodeBase64(triggerOutputs().headers['X-MS-APIM-Tokens']))['$ConnectionKey']"
            }
          }
        },
        "パスを使用したファイルの変換": {
          "runAfter": {
            "ファイルの作成_2": [
              "Succeeded"
            ]
          },
          "metadata": {
            "operationMetadataId": "6385fb34-8093-4f45-b832-875d06765e2a"
          },
          "type": "OpenApiConnection",
          "inputs": {
            "host": {
              "connectionName": "shared_onedriveforbusiness",
              "operationId": "ConvertFileByPath",
              "apiId": "/providers/Microsoft.PowerApps/apis/shared_onedriveforbusiness"
            },
            "parameters": {
              "path": "/Print.xlsx",
              "type": "PDF"
            },
            "authentication": {
              "type": "Raw",
              "value": "@json(decodeBase64(triggerOutputs().headers['X-MS-APIM-Tokens']))['$ConnectionKey']"
            }
          }
        },
        "パスによるファイル_コンテンツの取得": {
          "runAfter": {
            "待ち時間": [
              "Succeeded"
            ]
          },
          "metadata": {
            "operationMetadataId": "e5589529-63a1-4f4b-8eee-ec036e2f301a"
          },
          "type": "OpenApiConnection",
          "inputs": {
            "host": {
              "connectionName": "shared_onedriveforbusiness_1",
              "operationId": "GetFileContentByPath",
              "apiId": "/providers/Microsoft.PowerApps/apis/shared_onedriveforbusiness"
            },
            "parameters": {
              "path": "/Temp.xlsx",
              "inferContentType": true
            },
            "authentication": {
              "type": "Raw",
              "value": "@json(decodeBase64(triggerOutputs().headers['X-MS-APIM-Tokens']))['$ConnectionKey']"
            }
          }
        },
        "ファイルの作成_2": {
          "runAfter": {
            "パスによるファイル_コンテンツの取得": [
              "Succeeded"
            ]
          },
          "metadata": {
            "operationMetadataId": "6ea65ed7-98b6-490d-a851-342292925140"
          },
          "type": "OpenApiConnection",
          "inputs": {
            "host": {
              "connectionName": "shared_onedriveforbusiness",
              "operationId": "CreateFile",
              "apiId": "/providers/Microsoft.PowerApps/apis/shared_onedriveforbusiness"
            },
            "parameters": {
              "folderPath": "/",
              "name": "Print.xlsx",
              "body": "@body('パスによるファイル_コンテンツの取得')"
            },
            "authentication": {
              "type": "Raw",
              "value": "@json(decodeBase64(triggerOutputs().headers['X-MS-APIM-Tokens']))['$ConnectionKey']"
            }
          },
          "runtimeConfiguration": {
            "contentTransfer": {
              "transferMode": "Chunked"
            }
          }
        },
        "待ち時間": {
          "runAfter": {
            "表に行を追加": [
              "Succeeded"
            ]
          },
          "metadata": {
            "operationMetadataId": "e9c55ae2-988d-4f37-9571-bdd4f972ce4b"
          },
          "type": "Wait",
          "inputs": {
            "interval": {
              "count": 10,
              "unit": "Second"
            }
          }
        }
      },
      "outputs": {}
    }
  },
  "schemaVersion": "1.0.0.0"
}