{
  "properties": {
    "connectionReferences": {
      "shared_commondataserviceforapps": {
        "runtimeSource": "embedded",
        "connection": {
          "connectionReferenceLogicalName": "new_sharedcommondataserviceforapps_d04e4"
        },
        "api": {
          "name": "shared_commondataserviceforapps"
        }
      },
      "shared_wordonlinebusiness": {
        "runtimeSource": "invoker",
        "connection": {
          "connectionReferenceLogicalName": "ya_sharedwordonlinebusiness_82937"
        },
        "api": {
          "name": "shared_wordonlinebusiness"
        }
      },
      "shared_onedriveforbusiness": {
        "runtimeSource": "invoker",
        "connection": {
          "connectionReferenceLogicalName": "new_sharedonedriveforbusiness_85a3d"
        },
        "api": {
          "name": "shared_onedriveforbusiness"
        }
      },
      "shared_office365": {
        "runtimeSource": "invoker",
        "connection": {
          "connectionReferenceLogicalName": "new_sharedoffice365_eca6d"
        },
        "api": {
          "name": "shared_office365"
        }
      },
      "shared_office365users": {
        "runtimeSource": "invoker",
        "connection": {
          "connectionReferenceLogicalName": "ya_sharedoffice365users_30dcf"
        },
        "api": {
          "name": "shared_office365users"
        }
      }
    },
    "definition": {
      "$schema": "https://schema.management.azure.com/providers/Microsoft.Logic/schemas/2016-06-01/workflowdefinition.json#",
      "contentVersion": "1.0.0.0",
      "parameters": {
        "$connections": {
          "defaultValue": {},
          "type": "Object"
        },
        "$authentication": {
          "defaultValue": {},
          "type": "SecureObject"
        }
      },
      "triggers": {
        "manual": {
          "metadata": {
            "operationMetadataId": "f0ce6bdf-d674-4063-86fd-5397e0fcf5c1"
          },
          "type": "Request",
          "kind": "Button",
          "inputs": {
            "schema": {
              "type": "object",
              "properties": {},
              "required": []
            }
          }
        }
      },
      "actions": {
        "TemplateFilesの行を一覧にする": {
          "runAfter": {},
          "metadata": {
            "operationMetadataId": "9db318f4-0cb4-47fe-b9e1-664226fb51b2"
          },
          "type": "OpenApiConnection",
          "inputs": {
            "host": {
              "connectionName": "shared_commondataserviceforapps",
              "operationId": "ListRecords",
              "apiId": "/providers/Microsoft.PowerApps/apis/shared_commondataserviceforapps"
            },
            "parameters": {
              "entityName": "ya_templatefiles",
              "$filter": "ya_name eq 'WordTemplate'",
              "$top": 1
            },
            "authentication": {
              "type": "Raw",
              "value": "@json(decodeBase64(triggerOutputs().headers['X-MS-APIM-Tokens']))['$ConnectionKey']"
            }
          }
        },
        "テンプレートファイルをダウンロードする": {
          "runAfter": {
            "TemplateFilesの行を一覧にする": [
              "Succeeded"
            ]
          },
          "metadata": {
            "operationMetadataId": "ecfae4ad-48e8-4c73-a73c-5ef3fa89cbcb"
          },
          "type": "OpenApiConnection",
          "inputs": {
            "host": {
              "connectionName": "shared_commondataserviceforapps",
              "operationId": "GetEntityFileImageFieldContent",
              "apiId": "/providers/Microsoft.PowerApps/apis/shared_commondataserviceforapps"
            },
            "parameters": {
              "entityName": "ya_templatefiles",
              "recordId": "@first(outputs('TemplateFilesの行を一覧にする')?['body/value'])?['ya_templatefileid']",
              "fileImageFieldName": "ya_file"
            },
            "authentication": {
              "type": "Raw",
              "value": "@json(decodeBase64(triggerOutputs().headers['X-MS-APIM-Tokens']))['$ConnectionKey']"
            }
          }
        },
        "Microsoft_Word_テンプレートを事前設定します": {
          "runAfter": {
            "ファイルの作成": [
              "Succeeded"
            ]
          },
          "metadata": {
            "operationMetadataId": "91e09f39-6053-408c-91de-99457590fc9e"
          },
          "type": "OpenApiConnection",
          "inputs": {
            "host": {
              "connectionName": "shared_wordonlinebusiness",
              "operationId": "CreateFileItem",
              "apiId": "/providers/Microsoft.PowerApps/apis/shared_wordonlinebusiness"
            },
            "parameters": {
              "source": "me",
              "drive": "b!vLYjHDZzlEiDLqi7kgwoACAmsWP-Ah1GvOqItSX0VuEhj1ang-lGTIECMr5CeKm8",
              "file": "/Temp.docx",
              "dynamicFileSchema/245851251": "Lorem ipsum dolor sit amet, consectetur adipiscing elit. Nullam ullamcorper sapien a dui fringilla accumsan. Duis eget leo aliquet, aliquam justo eget, malesuada turpis. Praesent interdum quis quam et gravida. Fusce id ultricies nulla. Donec purus metus, fringilla vel elementum eget, posuere nec orci. Sed eu nisl nulla. Nunc lorem dui, laoreet eget metus eget, placerat convallis justo. Aliquam erat volutpat. Sed quis justo ac turpis ultrices convallis et ac massa. Nam maximus vel sapien eget commodo. Nunc non rhoncus mi. Sed consequat elit tortor, at ornare sem tempor quis. Etiam non dapibus sem. Cras et erat nibh. Quisque vehicula lacus est, ac dapibus sem pulvinar non.",
              "dynamicFileSchema/-119458452": "Awesome"
            },
            "authentication": {
              "type": "Raw",
              "value": "@json(decodeBase64(triggerOutputs().headers['X-MS-APIM-Tokens']))['$ConnectionKey']"
            }
          }
        },
        "ファイルの作成": {
          "runAfter": {
            "テンプレートファイルをダウンロードする": [
              "Succeeded"
            ]
          },
          "metadata": {
            "operationMetadataId": "1e490a3c-a1c9-4d54-b1c1-91ea501a39e5"
          },
          "type": "OpenApiConnection",
          "inputs": {
            "host": {
              "connectionName": "shared_onedriveforbusiness",
              "operationId": "CreateFile",
              "apiId": "/providers/Microsoft.PowerApps/apis/shared_onedriveforbusiness"
            },
            "parameters": {
              "folderPath": "/",
              "name": "Temp.docx",
              "body": "@body('テンプレートファイルをダウンロードする')"
            },
            "authentication": {
              "type": "Raw",
              "value": "@json(decodeBase64(triggerOutputs().headers['X-MS-APIM-Tokens']))['$ConnectionKey']"
            }
          },
          "runtimeConfiguration": {
            "contentTransfer": {
              "transferMode": "Chunked"
            }
          }
        },
        "ファイルの作成_2": {
          "runAfter": {
            "Microsoft_Word_テンプレートを事前設定します": [
              "Succeeded"
            ]
          },
          "metadata": {
            "operationMetadataId": "1e490a3c-a1c9-4d54-b1c1-91ea501a39e5"
          },
          "type": "OpenApiConnection",
          "inputs": {
            "host": {
              "connectionName": "shared_onedriveforbusiness",
              "operationId": "CreateFile",
              "apiId": "/providers/Microsoft.PowerApps/apis/shared_onedriveforbusiness"
            },
            "parameters": {
              "folderPath": "/",
              "name": "Merged.docx",
              "body": "@body('Microsoft_Word_テンプレートを事前設定します')"
            },
            "authentication": {
              "type": "Raw",
              "value": "@json(decodeBase64(triggerOutputs().headers['X-MS-APIM-Tokens']))['$ConnectionKey']"
            }
          },
          "runtimeConfiguration": {
            "contentTransfer": {
              "transferMode": "Chunked"
            }
          }
        },
        "Word_文書を_PDF_に変換します": {
          "runAfter": {
            "ファイルの作成_2": [
              "Succeeded"
            ]
          },
          "metadata": {
            "operationMetadataId": "11af31fa-7c3d-402f-8c90-5c88a737ff5f"
          },
          "type": "OpenApiConnection",
          "inputs": {
            "host": {
              "connectionName": "shared_wordonlinebusiness",
              "operationId": "GetFilePDF",
              "apiId": "/providers/Microsoft.PowerApps/apis/shared_wordonlinebusiness"
            },
            "parameters": {
              "source": "me",
              "drive": "b!vLYjHDZzlEiDLqi7kgwoACAmsWP-Ah1GvOqItSX0VuEhj1ang-lGTIECMr5CeKm8",
              "file": "/Merged.docx"
            },
            "authentication": {
              "type": "Raw",
              "value": "@json(decodeBase64(triggerOutputs().headers['X-MS-APIM-Tokens']))['$ConnectionKey']"
            }
          }
        },
        "ファイルの作成_3": {
          "runAfter": {
            "Word_文書を_PDF_に変換します": [
              "Succeeded"
            ]
          },
          "metadata": {
            "operationMetadataId": "1e490a3c-a1c9-4d54-b1c1-91ea501a39e5"
          },
          "type": "OpenApiConnection",
          "inputs": {
            "host": {
              "connectionName": "shared_onedriveforbusiness",
              "operationId": "CreateFile",
              "apiId": "/providers/Microsoft.PowerApps/apis/shared_onedriveforbusiness"
            },
            "parameters": {
              "folderPath": "/",
              "name": "Print.pdf",
              "body": "@body('Word_文書を_PDF_に変換します')"
            },
            "authentication": {
              "type": "Raw",
              "value": "@json(decodeBase64(triggerOutputs().headers['X-MS-APIM-Tokens']))['$ConnectionKey']"
            }
          },
          "runtimeConfiguration": {
            "contentTransfer": {
              "transferMode": "Chunked"
            }
          }
        },
        "メールの送信_(V2)": {
          "runAfter": {
            "マイ_プロフィールの取得_(V2)": [
              "Succeeded"
            ]
          },
          "metadata": {
            "operationMetadataId": "ba09f3ee-968d-44ed-820b-b633280eed00"
          },
          "type": "OpenApiConnection",
          "inputs": {
            "host": {
              "connectionName": "shared_office365",
              "operationId": "SendEmailV2",
              "apiId": "/providers/Microsoft.PowerApps/apis/shared_office365"
            },
            "parameters": {
              "emailMessage/To": "@outputs('マイ_プロフィールの取得_(V2)')?['body/mail']",
              "emailMessage/Subject": "WordTemplate",
              "emailMessage/Body": "<p>WordTemplate</p>",
              "emailMessage/Attachments": [
                {
                  "Name": "@outputs('ファイルの作成_3')?['body/Name']",
                  "ContentBytes": "@body('Word_文書を_PDF_に変換します')"
                }
              ]
            },
            "authentication": {
              "type": "Raw",
              "value": "@json(decodeBase64(triggerOutputs().headers['X-MS-APIM-Tokens']))['$ConnectionKey']"
            }
          }
        },
        "マイ_プロフィールの取得_(V2)": {
          "runAfter": {
            "ファイルの作成_3": [
              "Succeeded"
            ]
          },
          "metadata": {
            "operationMetadataId": "afacb9d0-73cf-4f0e-aec5-5455a4b6fcd0"
          },
          "type": "OpenApiConnection",
          "inputs": {
            "host": {
              "connectionName": "shared_office365users",
              "operationId": "MyProfile_V2",
              "apiId": "/providers/Microsoft.PowerApps/apis/shared_office365users"
            },
            "parameters": {},
            "authentication": {
              "type": "Raw",
              "value": "@json(decodeBase64(triggerOutputs().headers['X-MS-APIM-Tokens']))['$ConnectionKey']"
            }
          }
        }
      },
      "outputs": {}
    }
  },
  "schemaVersion": "1.0.0.0"
}